{
  "min_lon": -114.0605657,
  "max_lon": -114.0523534,
  "min_lat": 51.0423709,
  "max_lat": 51.0480696
}